Word,Length
act,3
add,3
age,3
ago,3
aid,3
aim,3
air,3
all,3
and,3
any,3
arm,3
art,3
ash,3
ask,3
ass,3
bad,3
bag,3
ban,3
bar,3
bat,3
bay,3
bed,3
bee,3
beg,3
bet,3
bid,3
big,3
bit,3
bow,3
box,3
boy,3
bug,3
bus,3
but,3
buy,3
cab,3
can,3
cap,3
car,3
cat,3
CEO,3
cop,3
cow,3
cry,3
cue,3
cup,3
cut,3
dad,3
dam,3
day,3
die,3
dig,3
dip,3
DNA,3
dog,3
dot,3
dry,3
due,3
ear,3
eat,3
egg,3
ego,3
end,3
era,3
etc,3
eye,3
fan,3
far,3
fat,3
fee,3
few,3
fit,3
fix,3
fly,3
fog,3
for,3
fun,3
fur,3
gap,3
gas,3
gay,3
get,3
God,3
gun,3
gut,3
guy,3
gym,3
hat,3
hay,3
her,3
hey,3
him,3
hip,3
his,3
hit,3
hot,3
how,3
hug,3
huh,3
ice,3
ill,3
its,3
jar,3
jaw,3
jet,3
Jew,3
job,3
joy,3
key,3
kid,3
kit,3
lab,3
lap,3
law,3
lay,3
leg,3
let,3
lid,3
lie,3
lip,3
log,3
lot,3
low,3
mad,3
man,3
map,3
may,3
mix,3
mom,3
Mrs,3
mud,3
net,3
new,3
nod,3
nor,3
not,3
now,3
nut,3
oak,3
odd,3
off,3
oil,3
old,3
one,3
opt,3
our,3
out,3
owe,3
own,3
pad,3
pan,3
pat,3
pay,3
pen,3
per,3
pet,3
pie,3
pig,3
pin,3
pit,3
pop,3
pot,3
pro,3
put,3
rat,3
raw,3
red,3
rib,3
rid,3
rim,3
rip,3
rod,3
row,3
rub,3
run,3
sad,3
say,3
sea,3
see,3
set,3
sex,3
she,3
shy,3
sin,3
sir,3
sit,3
six,3
ski,3
sky,3
son,3
spy,3
sue,3
sum,3
sun,3
tag,3
tap,3
tax,3
tea,3
ten,3
the,3
tie,3
tip,3
toe,3
too,3
top,3
toy,3
try,3
two,3
use,3
van,3
via,3
war,3
way,3
web,3
wet,3
who,3
why,3
win,3
wow,3
yes,3
yet,3
you,3
able,4
acid,4
aide,4
AIDS,4
ally,4
also,4
amid,4
Arab,4
area,4
army,4
atop,4
aunt,4
auto,4
away,4
baby,4
back,4
bake,4
ball,4
band,4
bank,4
bare,4
barn,4
base,4
bath,4
beam,4
bean,4
bear,4
beat,4
beef,4
beer,4
bell,4
belt,4
bend,4
best,4
bias,4
bike,4
bill,4
bind,4
bird,4
bite,4
blow,4
blue,4
boat,4
body,4
boil,4
bold,4
bolt,4
bomb,4
bond,4
bone,4
book,4
boom,4
boot,4
born,4
boss,4
both,4
bowl,4
buck,4
bulb,4
bulk,4
bull,4
burn,4
bury,4
bush,4
busy,4
butt,4
cage,4
cake,4
call,4
calm,4
camp,4
card,4
care,4
cart,4
case,4
cash,4
cast,4
cave,4
cell,4
chef,4
chew,4
chin,4
chip,4
chop,4
cite,4
city,4
clay,4
clip,4
club,4
clue,4
coal,4
coat,4
code,4
coin,4
cold,4
come,4
cook,4
cool,4
cope,4
copy,4
cord,4
core,4
corn,4
cost,4
coup,4
crew,4
crop,4
cure,4
cute,4
damn,4
dare,4
dark,4
data,4
date,4
dawn,4
dead,4
deal,4
dear,4
debt,4
deck,4
deem,4
deep,4
deer,4
deny,4
desk,4
diet,4
dirt,4
disc,4
dish,4
disk,4
dock,4
doll,4
door,4
dose,4
down,4
drag,4
draw,4
drop,4
drug,4
drum,4
duck,4
dumb,4
dump,4
dust,4
duty,4
each,4
earn,4
ease,4
east,4
easy,4
echo,4
edge,4
edit,4
else,4
even,4
ever,4
evil,4
exam,4
exit,4
face,4
fact,4
fade,4
fail,4
fair,4
fall,4
fame,4
fare,4
farm,4
fast,4
fate,4
fear,4
feed,4
feel,4
file,4
fill,4
film,4
find,4
fine,4
fire,4
firm,4
fish,4
fist,4
five,4
flag,4
flat,4
flee,4
flip,4
flow,4
fold,4
folk,4
food,4
fool,4
foot,4
fork,4
form,4
four,4
free,4
from,4
fuel,4
full,4
fund,4
gain,4
game,4
gang,4
gate,4
gaze,4
gear,4
gene,4
gift,4
girl,4
give,4
glad,4
goal,4
goat,4
gold,4
golf,4
good,4
grab,4
gray,4
grin,4
grip,4
grow,4
hair,4
half,4
hall,4
hand,4
hang,4
hard,4
harm,4
hate,4
haul,4
have,4
head,4
heal,4
hear,4
heat,4
heel,4
hell,4
help,4
herb,4
here,4
hero,4
hers,4
hide,4
high,4
hike,4
hill,4
hint,4
hire,4
hold,4
hole,4
holy,4
home,4
hook,4
hope,4
horn,4
host,4
hour,4
huge,4
hunt,4
hurt,4
icon,4
idea,4
into,4
iron,4
item,4
jail,4
jazz,4
join,4
joke,4
jump,4
jury,4
just,4
keep,4
kick,4
kill,4
kind,4
king,4
kiss,4
knee,4
know,4
lack,4
lady,4
lake,4
lamp,4
land,4
lane,4
last,4
late,4
lawn,4
lead,4
leaf,4
lean,4
leap,4
left,4
lend,4
lens,4
less,4
life,4
lift,4
like,4
limb,4
line,4
link,4
lion,4
list,4
live,4
load,4
loan,4
lock,4
long,4
look,4
loop,4
lose,4
loss,4
lost,4
lots,4
loud,4
love,4
luck,4
lung,4
mail,4
main,4
make,4
male,4
mall,4
many,4
mark,4
mask,4
mass,4
mate,4
math,4
meal,4
mean,4
meat,4
meet,4
melt,4
menu,4
mere,4
mess,4
mild,4
milk,4
mill,4
mind,4
mine,4
miss,4
mode,4
mood,4
moon,4
more,4
most,4
move,4
much,4
must,4
myth,4
nail,4
name,4
near,4
neat,4
neck,4
need,4
nest,4
news,4
next,4
nice,4
nine,4
none,4
noon,4
norm,4
nose,4
note,4
odds,4
okay,4
once,4
only,4
onto,4
open,4
oral,4
ours,4
oven,4
over,4
pace,4
pack,4
page,4
pain,4
pair,4
pale,4
palm,4
pant,4
park,4
part,4
pass,4
past,4
path,4
peak,4
peel,4
peer,4
pick,4
pile,4
pill,4
pine,4
pink,4
pipe,4
plan,4
play,4
plea,4
plot,4
plus,4
poem,4
poet,4
poke,4
pole,4
poll,4
pond,4
pool,4
poor,4
pork,4
port,4
pose,4
post,4
pour,4
pray,4
pull,4
pump,4
pure,4
push,4
quit,4
race,4
rack,4
rage,4
rail,4
rain,4
rank,4
rape,4
rare,4
rate,4
read,4
real,4
rear,4
rely,4
rent,4
rest,4
rice,4
rich,4
ride,4
ring,4
riot,4
rise,4
risk,4
road,4
rock,4
role,4
roll,4
roof,4
room,4
root,4
rope,4
rose,4
ruin,4
rule,4
rush,4
sack,4
safe,4
sail,4
sake,4
sale,4
salt,4
same,4
sand,4
save,4
scan,4
seal,4
seat,4
seed,4
seek,4
seem,4
self,4
sell,4
send,4
sexy,4
shed,4
ship,4
shit,4
shoe,4
shop,4
shot,4
show,4
shut,4
sick,4
side,4
sigh,4
sign,4
silk,4
sing,4
sink,4
site,4
size,4
skin,4
skip,4
slam,4
slap,4
slip,4
slot,4
slow,4
snap,4
snow,4
soak,4
soap,4
soar,4
sock,4
sofa,4
soft,4
soil,4
sole,4
some,4
song,4
soon,4
sort,4
soul,4
soup,4
spin,4
spit,4
spot,4
star,4
stay,4
stem,4
step,4
stir,4
stop,4
such,4
suck,4
suit,4
sure,4
swim,4
tail,4
take,4
tale,4
talk,4
tall,4
tank,4
tape,4
task,4
team,4
tear,4
teen,4
tell,4
tend,4
tent,4
term,4
test,4
text,4
than,4
that,4
them,4
then,4
they,4
thin,4
this,4
thus,4
tide,4
tile,4
till,4
time,4
tiny,4
tire,4
toll,4
tone,4
tool,4
toss,4
tour,4
town,4
trap,4
tray,4
tree,4
trim,4
trip,4
tube,4
tuck,4
tune,4
turn,4
twin,4
type,4
ugly,4
unit,4
upon,4
urge,4
used,4
user,4
vary,4
vast,4
very,4
view,4
vote,4
wage,4
wait,4
wake,4
walk,4
wall,4
want,4
warm,4
warn,4
wash,4
wave,4
weak,4
wear,4
weed,4
week,4
well,4
west,4
what,4
when,4
whip,4
whom,4
wide,4
wife,4
wild,4
will,4
wind,4
wine,4
wing,4
wipe,4
wire,4
wise,4
wish,4
with,4
wolf,4
wood,4
word,4
work,4
wrap,4
yard,4
yeah,4
year,4
yell,4
your,4
zone,4
about,5
above,5
abuse,5
actor,5
adapt,5
added,5
admit,5
adopt,5
adult,5
after,5
again,5
agent,5
agree,5
ahead,5
aisle,5
alarm,5
album,5
alien,5
alike,5
alive,5
alley,5
allow,5
alone,5
along,5
alter,5
among,5
angel,5
anger,5
angle,5
angry,5
ankle,5
apart,5
apple,5
apply,5
arena,5
argue,5
arise,5
armed,5
array,5
arrow,5
Asian,5
aside,5
asset,5
avoid,5
await,5
awake,5
award,5
aware,5
awful,5
badly,5
basic,5
basis,5
beach,5
beard,5
beast,5
begin,5
being,5
belly,5
below,5
bench,5
Bible,5
birth,5
black,5
blade,5
blame,5
blank,5
blast,5
blend,5
bless,5
blind,5
blink,5
block,5
blond,5
blood,5
board,5
boast,5
bonus,5
boost,5
booth,5
brain,5
brake,5
brand,5
brave,5
bread,5
break,5
brick,5
bride,5
brief,5
bring,5
broad,5
brown,5
brush,5
buddy,5
build,5
bunch,5
buyer,5
cabin,5
cable,5
candy,5
cargo,5
carry,5
carve,5
catch,5
cause,5
cease,5
chain,5
chair,5
chaos,5
charm,5
chart,5
chase,5
cheap,5
cheat,5
check,5
cheek,5
cheer,5
chest,5
chief,5
child,5
chill,5
chunk,5
civic,5
civil,5
claim,5
class,5
clean,5
clear,5
clerk,5
click,5
cliff,5
climb,5
cling,5
clock,5
close,5
cloth,5
cloud,5
coach,5
coast,5
color,5
couch,5
could,5
count,5
court,5
cover,5
crack,5
craft,5
crash,5
crawl,5
crazy,5
cream,5
crime,5
cross,5
crowd,5
cruel,5
crush,5
Cuban,5
curve,5
cycle,5
daily,5
dance,5
death,5
debut,5
delay,5
dense,5
depth,5
devil,5
diary,5
dirty,5
donor,5
doubt,5
dough,5
dozen,5
draft,5
drain,5
drama,5
dream,5
dress,5
dried,5
drift,5
drill,5
drink,5
drive,5
drown,5
drunk,5
Dutch,5
dying,5
eager,5
early,5
earth,5
eight,5
elbow,5
elder,5
elect,5
elite,5
empty,5
enact,5
enemy,5
enjoy,5
enter,5
entry,5
equal,5
equip,5
error,5
essay,5
event,5
every,5
exact,5
exist,5
extra,5
faint,5
faith,5
fatal,5
fault,5
favor,5
fence,5
fever,5
fewer,5
fiber,5
field,5
fifth,5
fifty,5
fight,5
final,5
first,5
fixed,5
flame,5
flash,5
fleet,5
flesh,5
float,5
flood,5
floor,5
flour,5
fluid,5
focus,5
force,5
forth,5
forty,5
forum,5
found,5
frame,5
fraud,5
fresh,5
front,5
frown,5
fruit,5
fully,5
funny,5
genre,5
ghost,5
giant,5
given,5
glass,5
globe,5
glory,5
glove,5
grace,5
grade,5
grain,5
grand,5
grant,5
grape,5
grasp,5
grass,5
grave,5
great,5
Greek,5
green,5
greet,5
grief,5
gross,5
group,5
guard,5
guess,5
guest,5
guide,5
guilt,5
habit,5
happy,5
harsh,5
heart,5
heavy,5
hello,5
hence,5
honey,5
honor,5
horse,5
hotel,5
house,5
human,5
humor,5
hurry,5
ideal,5
image,5
imply,5
index,5
inner,5
input,5
Iraqi,5
Irish,5
irony,5
Islam,5
issue,5
jeans,5
joint,5
judge,5
juice,5
juror,5
kneel,5
knife,5
knock,5
known,5
label,5
labor,5
large,5
laser,5
later,5
Latin,5
laugh,5
layer,5
learn,5
least,5
leave,5
legal,5
lemon,5
level,5
light,5
limit,5
liver,5
lobby,5
local,5
logic,5
loose,5
lover,5
lower,5
loyal,5
lucky,5
lunch,5
magic,5
major,5
maker,5
march,5
marry,5
match,5
maybe,5
mayor,5
medal,5
media,5
merit,5
metal,5
meter,5
midst,5
might,5
minor,5
mixed,5
model,5
money,5
month,5
moral,5
motor,5
mount,5
mouse,5
mouth,5
movie,5
music,5
naked,5
nasty,5
nerve,5
never,5
newly,5
night,5
noise,5
north,5
novel,5
nurse,5
occur,5
ocean,5
offer,5
often,5
onion,5
opera,5
orbit,5
order,5
organ,5
other,5
ought,5
outer,5
owner,5
paint,5
panel,5
panic,5
paper,5
party,5
pasta,5
patch,5
pause,5
peace,5
phase,5
phone,5
photo,5
piano,5
piece,5
pilot,5
pitch,5
pizza,5
place,5
plain,5
plane,5
plant,5
plate,5
plead,5
point,5
porch,5
pound,5
power,5
press,5
price,5
pride,5
prime,5
print,5
prior,5
prize,5
proof,5
proud,5
prove,5
pulse,5
punch,5
purse,5
queen,5
quest,5
quick,5
quiet,5
quite,5
quote,5
radar,5
radio,5
raise,5
rally,5
ranch,5
range,5
rapid,5
ratio,5
reach,5
react,5
ready,5
realm,5
rebel,5
refer,5
relax,5
reply,5
rider,5
ridge,5
rifle,5
right,5
risky,5
rival,5
river,5
robot,5
Roman,5
rough,5
round,5
route,5
royal,5
rumor,5
rural,5
salad,5
sales,5
sauce,5
scale,5
scare,5
scary,5
scene,5
scent,5
scope,5
score,5
screw,5
seize,5
sense,5
serve,5
seven,5
shade,5
shake,5
shall,5
shame,5
shape,5
share,5
shark,5
sharp,5
sheep,5
sheer,5
sheet,5
shelf,5
shell,5
shift,5
shine,5
shirt,5
shock,5
shoot,5
shore,5
short,5
shout,5
shove,5
shrug,5
sight,5
silly,5
since,5
sixth,5
skill,5
skirt,5
skull,5
slave,5
sleep,5
slice,5
slide,5
slope,5
small,5
smart,5
smell,5
smile,5
smoke,5
snake,5
sneak,5
solar,5
solid,5
solve,5
sorry,5
sound,5
south,5
space,5
spare,5
spark,5
speak,5
speed,5
spell,5
spend,5
spill,5
spine,5
spite,5
split,5
spoon,5
sport,5
spray,5
squad,5
stack,5
staff,5
stage,5
stair,5
stake,5
stand,5
stare,5
start,5
state,5
steak,5
steal,5
steam,5
steel,5
steep,5
steer,5
stick,5
stiff,5
still,5
stock,5
stone,5
store,5
storm,5
story,5
stove,5
straw,5
strip,5
study,5
stuff,5
style,5
sugar,5
suite,5
sunny,5
super,5
swear,5
sweat,5
sweep,5
sweet,5
swell,5
swing,5
sword,5
table,5
taste,5
teach,5
terms,5
thank,5
their,5
theme,5
there,5
these,5
thick,5
thigh,5
thing,5
think,5
third,5
those,5
three,5
throw,5
thumb,5
tight,5
tired,5
title,5
today,5
tooth,5
topic,5
total,5
touch,5
tough,5
towel,5
tower,5
toxic,5
trace,5
track,5
trade,5
trail,5
train,5
trait,5
trash,5
treat,5
trend,5
trial,5
tribe,5
trick,5
troop,5
truck,5
truly,5
trunk,5
trust,5
truth,5
tumor,5
twice,5
twist,5
uncle,5
under,5
union,5
unite,5
unity,5
until,5
upper,5
upset,5
urban,5
usual,5
valid,5
value,5
video,5
virus,5
visit,5
vital,5
vocal,5
voice,5
voter,5
wagon,5
waist,5
waste,5
watch,5
water,5
weave,5
weigh,5
weird,5
whale,5
wheat,5
wheel,5
where,5
which,5
while,5
white,5
whole,5
whose,5
widow,5
woman,5
works,5
world,5
worry,5
worth,5
would,5
wound,5
wrist,5
write,5
wrong,5
yield,5
young,5
yours,5
youth,5
abroad,6
absorb,6
accent,6
accept,6
access,6
accuse,6
across,6
action,6
active,6
actual,6
adjust,6
admire,6
advice,6
advise,6
affair,6
affect,6
afford,6
afraid,6
agency,6
agenda,6
almost,6
always,6
amount,6
and/or,6
animal,6
annual,6
answer,6
anyone,6
anyway,6
appeal,6
appear,6
around,6
arrest,6
arrive,6
artist,6
asleep,6
aspect,6
assert,6
assess,6
assign,6
assist,6
assume,6
assure,6
attach,6
attack,6
attend,6
author,6
ballot,6
banana,6
banker,6
barely,6
barrel,6
basket,6
battle,6
beauty,6
become,6
before,6
behalf,6
behave,6
behind,6
belief,6
belong,6
beside,6
better,6
beyond,6
bishop,6
bitter,6
bloody,6
border,6
boring,6
borrow,6
bother,6
bottle,6
bottom,6
bounce,6
branch,6
breast,6
breath,6
breeze,6
bridge,6
bright,6
broken,6
broker,6
bronze,6
brutal,6
bubble,6
bucket,6
budget,6
bullet,6
burden,6
bureau,6
butter,6
button,6
camera,6
campus,6
cancel,6
cancer,6
candle,6
canvas,6
carbon,6
career,6
carpet,6
carrot,6
casino,6
casual,6
cattle,6
center,6
chance,6
change,6
charge,6
cheese,6
choice,6
choose,6
church,6
circle,6
client,6
clinic,6
closed,6
closer,6
closet,6
coffee,6
collar,6
colony,6
column,6
combat,6
comedy,6
coming,6
commit,6
common,6
compel,6
comply,6
convey,6
cookie,6
corner,6
costly,6
cotton,6
county,6
couple,6
course,6
cousin,6
create,6
credit,6
crisis,6
critic,6
cruise,6
custom,6
damage,6
dancer,6
danger,6
deadly,6
dealer,6
debate,6
debris,6
decade,6
decent,6
decide,6
deeply,6
defeat,6
defend,6
define,6
degree,6
demand,6
denial,6
depart,6
depend,6
depict,6
deploy,6
deputy,6
derive,6
desert,6
design,6
desire,6
detail,6
detect,6
device,6
devote,6
differ,6
dining,6
dinner,6
direct,6
divide,6
divine,6
doctor,6
domain,6
donate,6
double,6
drawer,6
driver,6
during,6
easily,6
eating,6
editor,6
effect,6
effort,6
eighth,6
either,6
eleven,6
e-mail,6
emerge,6
empire,6
employ,6
enable,6
endure,6
energy,6
engage,6
engine,6
enough,6
enroll,6
ensure,6
entire,6
entity,6
equity,6
escape,6
estate,6
ethics,6
ethnic,6
evolve,6
exceed,6
except,6
excuse,6
exotic,6
expand,6
expect,6
expert,6
export,6
expose,6
extend,6
extent,6
fabric,6
factor,6
fairly,6
family,6
famous,6
farmer,6
faster,6
father,6
fellow,6
female,6
fierce,6
figure,6
filter,6
finger,6
finish,6
firmly,6
fiscal,6
flavor,6
flight,6
flower,6
flying,6
follow,6
forbid,6
forest,6
forget,6
formal,6
format,6
former,6
foster,6
fourth,6
freely,6
freeze,6
French,6
friend,6
frozen,6
future,6
galaxy,6
garage,6
garden,6
garlic,6
gather,6
gender,6
genius,6
gentle,6
gently,6
German,6
gifted,6
glance,6
global,6
golden,6
govern,6
ground,6
growth,6
guilty,6
guitar,6
handle,6
happen,6
hardly,6
hazard,6
health,6
heaven,6
height,6
helmet,6
hidden,6
highly,6
hockey,6
honest,6
horror,6
hunger,6
hungry,6
hunter,6
ignore,6
immune,6
impact,6
import,6
impose,6
income,6
indeed,6
Indian,6
infant,6
inform,6
injure,6
injury,6
inmate,6
insect,6
insert,6
inside,6
insist,6
intact,6
intend,6
intent,6
invade,6
invent,6
invest,6
invite,6
island,6
itself,6
jacket,6
Jewish,6
jungle,6
junior,6
killer,6
Korean,6
ladder,6
lately,6
latter,6
launch,6
lawyer,6
leader,6
league,6
legacy,6
legend,6
length,6
lesson,6
letter,6
likely,6
liquid,6
listen,6
little,6
living,6
locate,6
lonely,6
lovely,6
mainly,6
makeup,6
manage,6
manner,6
marble,6
margin,6
marine,6
marker,6
market,6
master,6
matter,6
medium,6
member,6
memory,6
mental,6
mentor,6
merely,6
method,6
middle,6
minute,6
mirror,6
mm-hmm,6
mobile,6
modern,6
modest,6
modify,6
moment,6
monkey,6
mostly,6
mother,6
motion,6
motive,6
murder,6
muscle,6
museum,6
Muslim,6
mutter,6
mutual,6
myself,6
narrow,6
nation,6
native,6
nature,6
nearby,6
nearly,6
needle,6
nobody,6
normal,6
notice,6
notion,6
number,6
object,6
obtain,6
occupy,6
office,6
online,6
openly,6
oppose,6
option,6
orange,6
origin,6
others,6
outfit,6
outlet,6
output,6
oxygen,6
palace,6
parade,6
parent,6
parish,6
partly,6
pastor,6
patent,6
patrol,6
patron,6
peanut,6
pencil,6
people,6
pepper,6
period,6
permit,6
person,6
phrase,6
pickup,6
pillow,6
planet,6
player,6
please,6
plenty,6
plunge,6
pocket,6
poetry,6
police,6
policy,6
poster,6
potato,6
powder,6
praise,6
prayer,6
preach,6
prefer,6
pretty,6
priest,6
prison,6
profit,6
prompt,6
proper,6
public,6
punish,6
purple,6
pursue,6
puzzle,6
rabbit,6
racial,6
racism,6
random,6
rarely,6
rather,6
rating,6
reader,6
really,6
reason,6
recall,6
recent,6
recipe,6
record,6
reduce,6
reform,6
refuge,6
refuse,6
regain,6
regard,6
regime,6
region,6
regret,6
reject,6
relate,6
relief,6
remain,6
remark,6
remind,6
remote,6
remove,6
render,6
rental,6
repair,6
repeat,6
report,6
rescue,6
resign,6
resist,6
resort,6
result,6
resume,6
retail,6
retain,6
retire,6
return,6
reveal,6
review,6
reward,6
rhythm,6
ribbon,6
ritual,6
rocket,6
rubber,6
ruling,6
runner,6
sacred,6
safely,6
safety,6
salary,6
salmon,6
sample,6
saving,6
scared,6
scheme,6
school,6
scream,6
screen,6
script,6
search,6
season,6
second,6
secret,6
sector,6
secure,6
seldom,6
select,6
seller,6
Senate,6
senior,6
series,6
settle,6
severe,6
sexual,6
shadow,6
shared,6
shorts,6
should,6
shower,6
shrimp,6
shrink,6
signal,6
silent,6
silver,6
simple,6
simply,6
singer,6
single,6
sister,6
sleeve,6
slight,6
slowly,6
smooth,6
soccer,6
social,6
sodium,6
soften,6
softly,6
solely,6
source,6
Soviet,6
speech,6
sphere,6
spirit,6
spouse,6
spread,6
spring,6
square,6
stable,6
stance,6
statue,6
status,6
steady,6
strain,6
streak,6
stream,6
street,6
stress,6
strict,6
strike,6
string,6
stroke,6
strong,6
studio,6
stupid,6
submit,6
subtle,6
suburb,6
sudden,6
suffer,6
summer,6
summit,6
supply,6
surely,6
survey,6
switch,6
symbol,6
system,6
tackle,6
tactic,6
talent,6
target,6
temple,6
tender,6
tennis,6
terror,6
thanks,6
theory,6
thirty,6
though,6
thread,6
threat,6
thrive,6
throat,6
ticket,6
timber,6
timing,6
tissue,6
toilet,6
tomato,6
tongue,6
toward,6
tragic,6
trauma,6
travel,6
treaty,6
tribal,6
tunnel,6
turkey,6
twelve,6
twenty,6
unable,6
unfair,6
unfold,6
unique,6
United,6
unless,6
unlike,6
update,6
useful,6
vacuum,6
valley,6
vanish,6
vendor,6
verbal,6
versus,6
vessel,6
victim,6
viewer,6
virtue,6
vision,6
visual,6
volume,6
voting,6
wander,6
warmth,6
weaken,6
wealth,6
weapon,6
weekly,6
weight,6
widely,6
window,6
winner,6
winter,6
wisdom,6
within,6
wonder,6
wooden,6
worker,6
writer,6
yellow,6
abandon,7
ability,7
absence,7
account,7
achieve,7
acquire,7
actress,7
address,7
advance,7
adviser,7
African,7
against,7
airline,7
airport,7
alcohol,7
alleged,7
already,7
amazing,7
analyst,7
analyze,7
ancient,7
another,7
anxiety,7
anxious,7
anybody,7
anymore,7
appoint,7
approve,7
arrange,7
arrival,7
article,7
assault,7
athlete,7
attempt,7
attract,7
auction,7
average,7
balance,7
balloon,7
banking,7
barrier,7
battery,7
because,7
bedroom,7
believe,7
beneath,7
benefit,7
besides,7
between,7
bicycle,7
billion,7
biology,7
blanket,7
bombing,7
breathe,7
briefly,7
British,7
brother,7
builder,7
burning,7
cabinet,7
capable,7
capital,7
captain,7
capture,7
careful,7
carrier,7
cartoon,7
catalog,7
ceiling,7
central,7
century,7
certain,7
chamber,7
channel,7
chapter,7
charity,7
charter,7
chicken,7
Chinese,7
chronic,7
circuit,7
citizen,7
classic,7
clearly,7
climate,7
closely,7
closest,7
clothes,7
cluster,7
coastal,7
cocaine,7
collect,7
college,7
combine,7
comfort,7
command,7
comment,7
company,7
compare,7
compete,7
complex,7
compose,7
concede,7
concept,7
concern,7
concert,7
condemn,7
conduct,7
confess,7
confirm,7
confuse,7
connect,7
consent,7
consist,7
consult,7
consume,7
contact,7
contain,7
contend,7
content,7
contest,7
context,7
control,7
convert,7
convict,7
cooking,7
correct,7
costume,7
cottage,7
council,7
counsel,7
counter,7
country,7
courage,7
crowded,7
crucial,7
crystal,7
culture,7
curious,7
current,7
curtain,7
custody,7
dancing,7
declare,7
decline,7
defense,7
deficit,7
delight,7
deliver,7
density,7
deposit,7
descend,7
deserve,7
despite,7
dessert,7
destroy,7
develop,7
diamond,7
dictate,7
digital,7
dignity,7
dilemma,7
discuss,7
disease,7
dismiss,7
display,7
dispute,7
distant,7
disturb,7
diverse,7
divorce,7
doorway,7
drawing,7
driving,7
dynamic,7
eastern,7
economy,7
edition,7
educate,7
elderly,7
elegant,7
element,7
embrace,7
emotion,7
endless,7
endorse,7
enforce,7
English,7
enhance,7
entitle,7
episode,7
equally,7
essence,7
ethical,7
evening,7
evident,7
exactly,7
examine,7
example,7
excited,7
exclude,7
execute,7
exhaust,7
exhibit,7
expense,7
explain,7
explode,7
exploit,7
explore,7
express,7
extreme,7
eyebrow,7
factory,7
faculty,7
failure,7
fantasy,7
fashion,7
fatigue,7
feather,7
feature,7
federal,7
feeling,7
fiction,7
fifteen,7
fighter,7
finally,7
finance,7
finding,7
fishing,7
fitness,7
foreign,7
forever,7
forgive,7
formula,7
fortune,7
forward,7
founder,7
fragile,7
frankly,7
freedom,7
fucking,7
funding,7
funeral,7
gallery,7
garbage,7
general,7
genetic,7
genuine,7
gesture,7
glimpse,7
gravity,7
greatly,7
grocery,7
growing,7
habitat,7
halfway,7
hallway,7
handful,7
happily,7
harmony,7
harvest,7
healthy,7
hearing,7
heavily,7
helpful,7
herself,7
highway,7
himself,7
history,7
holiday,7
horizon,7
hormone,7
hostage,7
hostile,7
housing,7
however,7
hundred,7
hunting,7
husband,7
illegal,7
illness,7
imagine,7
impress,7
improve,7
impulse,7
include,7
inherit,7
initial,7
inquiry,7
insight,7
inspire,7
install,7
instant,7
instead,7
intense,7
involve,7
Islamic,7
isolate,7
Israeli,7
Italian,7
jewelry,7
journal,7
journey,7
justice,7
justify,7
killing,7
kingdom,7
kitchen,7
landing,7
largely,7
lawsuit,7
leading,7
leather,7
lecture,7
legally,7
liberal,7
liberty,7
library,7
license,7
lightly,7
limited,7
logical,7
loyalty,7
machine,7
manager,7
mandate,7
mansion,7
married,7
massive,7
maximum,7
meaning,7
measure,7
medical,7
meeting,7
mention,7
message,7
Mexican,7
million,7
mineral,7
minimal,7
minimum,7
miracle,7
missile,7
missing,7
mission,7
mistake,7
mixture,7
monitor,7
monster,7
monthly,7
morning,7
musical,7
mystery,7
natural,7
neither,7
nervous,7
network,7
neutral,7
nominee,7
nothing,7
nowhere,7
nuclear,7
observe,7
obvious,7
o'clock,7
offense,7
officer,7
Olympic,7
ongoing,7
opening,7
operate,7
opinion,7
opposed,7
organic,7
outcome,7
outdoor,7
outline,7
outside,7
overall,7
oversee,7
package,7
painful,7
painter,7
parking,7
partial,7
partner,7
passage,7
passing,7
passion,7
patient,7
pattern,7
payment,7
peasant,7
penalty,7
pension,7
perfect,7
perform,7
perhaps,7
Persian,7
persist,7
physics,7
picture,7
pioneer,7
pitcher,7
planner,7
plastic,7
playoff,7
pleased,7
popular,7
portion,7
portray,7
possess,7
poverty,7
precise,7
predict,7
premise,7
premium,7
prepare,7
present,7
pretend,7
prevail,7
prevent,7
primary,7
privacy,7
private,7
problem,7
proceed,7
process,7
produce,7
product,7
profile,7
program,7
project,7
promise,7
promote,7
propose,7
protect,7
protein,7
protest,7
provide,7
provoke,7
publish,7
purpose,7
pursuit,7
qualify,7
quality,7
quarter,7
quickly,7
quietly,7
radical,7
rapidly,7
readily,7
reading,7
reality,7
realize,7
rebuild,7
receive,7
recover,7
recruit,7
reflect,7
refugee,7
regular,7
related,7
release,7
relieve,7
removal,7
replace,7
request,7
require,7
reserve,7
resolve,7
respect,7
respond,7
restore,7
retired,7
retreat,7
revenue,7
reverse,7
rolling,7
romance,7
roughly,7
routine,7
running,7
Russian,7
satisfy,7
scandal,7
scatter,7
scholar,7
science,7
scratch,7
section,7
secular,7
segment,7
seminar,7
senator,7
serious,7
servant,7
service,7
serving,7
session,7
setting,7
seventh,7
several,7
shallow,7
sharply,7
shelter,7
shortly,7
shuttle,7
sibling,7
silence,7
similar,7
skilled,7
slavery,7
society,7
soldier,7
someday,7
somehow,7
someone,7
Spanish,7
speaker,7
special,7
species,7
specify,7
sponsor,7
squeeze,7
stadium,7
starter,7
station,7
statute,7
stomach,7
storage,7
strange,7
stretch,7
student,7
stumble,7
subject,7
subsidy,7
succeed,7
success,7
suggest,7
suicide,7
summary,7
support,7
suppose,7
Supreme,7
surface,7
surgeon,7
surgery,7
survive,7
suspect,7
suspend,7
sustain,7
swallow,7
sweater,7
symptom,7
teacher,7
teenage,7
tension,7
terrain,7
testify,7
testing,7
texture,7
theater,7
therapy,7
thereby,7
thought,7
through,7
tighten,7
tightly,7
tobacco,7
tonight,7
totally,7
tourism,7
tourist,7
towards,7
trading,7
traffic,7
tragedy,7
trailer,7
trainer,7
transit,7
trigger,7
triumph,7
trouble,7
T-shirt,7
typical,7
uncover,7
undergo,7
unhappy,7
uniform,7
unknown,7
unusual,7
usually,7
utility,7
utilize,7
vaccine,7
variety,7
various,7
vehicle,7
venture,7
verdict,7
version,7
veteran,7
victory,7
village,7
violate,7
violent,7
virtual,7
visible,7
visitor,7
vitamin,7
walking,7
warning,7
warrior,7
wealthy,7
weather,7
wedding,7
weekend,7
welcome,7
welfare,7
western,7
whereas,7
whether,7
whisper,7
whoever,7
willing,7
without,7
witness,7
working,7
workout,7
worried,7
writing,7
written,7
abortion,8
absolute,8
abstract,8
academic,8
accident,8
accuracy,8
accurate,8
actively,8
activist,8
activity,8
actually,8
addition,8
adequate,8
adoption,8
advanced,8
advocate,8
aircraft,8
airplane,8
alliance,8
although,8
aluminum,8
ambition,8
American,8
analysis,8
ancestor,8
announce,8
annually,8
anything,8
anywhere,8
apparent,8
approach,8
approval,8
argument,8
artifact,8
artistic,8
assemble,8
assembly,8
athletic,8
attitude,8
attorney,8
audience,8
autonomy,8
backyard,8
bacteria,8
balanced,8
baseball,8
basement,8
bathroom,8
behavior,8
birthday,8
blessing,8
boundary,8
building,8
business,8
calendar,8
campaign,8
Canadian,8
capacity,8
casualty,8
category,8
Catholic,8
cemetery,8
ceremony,8
chairman,8
champion,8
changing,8
chemical,8
civilian,8
classify,8
clinical,8
clothing,8
collapse,8
colonial,8
colorful,8
combined,8
commonly,8
complain,8
complete,8
compound,8
comprise,8
computer,8
conceive,8
conclude,8
concrete,8
conflict,8
confront,8
Congress,8
consider,8
constant,8
consumer,8
continue,8
contract,8
contrast,8
convince,8
corridor,8
coverage,8
creation,8
creative,8
creature,8
criminal,8
criteria,8
critical,8
cultural,8
currency,8
customer,8
darkness,8
database,8
daughter,8
deadline,8
decision,8
decorate,8
decrease,8
dedicate,8
defender,8
delicate,8
delivery,8
Democrat,8
describe,8
designer,8
detailed,8
diabetes,8
diagnose,8
dialogue,8
diminish,8
diplomat,8
directly,8
director,8
disabled,8
disagree,8
disaster,8
disclose,8
discount,8
discover,8
disorder,8
dissolve,8
distance,8
distinct,8
distract,8
district,8
division,8
doctrine,8
document,8
domestic,8
dominant,8
dominate,8
donation,8
downtown,8
dramatic,8
drinking,8
driveway,8
dynamics,8
earnings,8
economic,8
educator,8
election,8
electric,8
elephant,8
elevator,8
eligible,8
emerging,8
emission,8
emphasis,8
employee,8
employer,8
engineer,8
enormous,8
entirely,8
entrance,8
envelope,8
envision,8
epidemic,8
equality,8
equation,8
estimate,8
European,8
evaluate,8
everyday,8
everyone,8
evidence,8
exchange,8
exciting,8
exercise,8
existing,8
expected,8
explicit,8
exposure,8
extended,8
external,8
facility,8
familiar,8
favorite,8
feedback,8
feminist,8
festival,8
fighting,8
flexible,8
football,8
forehead,8
formerly,8
fraction,8
fragment,8
frequent,8
freshman,8
friendly,8
frontier,8
function,8
gasoline,8
generate,8
generous,8
governor,8
graduate,8
grateful,8
greatest,8
guidance,8
handsome,8
hardware,8
headache,8
headline,8
heritage,8
hesitate,8
Hispanic,8
historic,8
homeland,8
homeless,8
homework,8
honestly,8
horrible,8
hospital,8
humanity,8
identify,8
identity,8
ideology,8
illusion,8
improved,8
incident,8
increase,8
indicate,8
industry,8
informal,8
inherent,8
initiate,8
innocent,8
instance,8
instinct,8
instruct,8
interact,8
interest,8
interior,8
internal,8
Internet,8
interval,8
intimate,8
invasion,8
investor,8
involved,8
isolated,8
Japanese,8
judgment,8
judicial,8
landmark,8
language,8
laughter,8
lawmaker,8
learning,8
lifetime,8
lighting,8
likewise,8
listener,8
literary,8
location,8
longtime,8
magazine,8
magnetic,8
maintain,8
majority,8
managing,8
marriage,8
material,8
meantime,8
mechanic,8
medicine,8
mentally,8
merchant,8
metaphor,8
midnight,8
military,8
minimize,8
minister,8
ministry,8
minority,8
moderate,8
molecule,8
momentum,8
monument,8
moreover,8
mortgage,8
motivate,8
mountain,8
movement,8
multiple,8
mushroom,8
musician,8
national,8
negative,8
neighbor,8
normally,8
northern,8
notebook,8
numerous,8
nutrient,8
observer,8
obstacle,8
occasion,8
offender,8
offering,8
official,8
Olympics,8
operator,8
opponent,8
opposite,8
ordinary,8
organism,8
organize,8
original,8
outsider,8
overcome,8
overlook,8
painting,8
parental,8
particle,8
patience,8
peaceful,8
perceive,8
personal,8
persuade,8
physical,8
planning,8
platform,8
pleasant,8
pleasure,8
politics,8
portrait,8
position,8
positive,8
possible,8
possibly,8
powerful,8
practice,8
precious,8
predator,8
pregnant,8
presence,8
preserve,8
pressure,8
previous,8
priority,8
prisoner,8
probably,8
proclaim,8
producer,8
profound,8
progress,8
prohibit,8
properly,8
property,8
proposal,8
proposed,8
prospect,8
protocol,8
provided,8
provider,8
province,8
publicly,8
purchase,8
quantity,8
question,8
railroad,8
rational,8
reaction,8
receiver,8
recently,8
recovery,8
regional,8
register,8
regulate,8
relation,8
relative,8
relevant,8
reliable,8
religion,8
remember,8
reminder,8
reporter,8
republic,8
required,8
research,8
resemble,8
resident,8
resource,8
response,8
restrict,8
retailer,8
rhetoric,8
romantic,8
sanction,8
sandwich,8
scenario,8
schedule,8
scramble,8
security,8
selected,8
sentence,8
separate,8
sequence,8
severely,8
sexually,8
shooting,8
shopping,8
shortage,8
shoulder,8
sidewalk,8
slightly,8
socially,8
software,8
solution,8
somebody,8
sometime,8
somewhat,8
southern,8
specific,8
spectrum,8
spending,8
sprinkle,8
standard,8
standing,8
starting,8
steadily,8
stimulus,8
straight,8
stranger,8
strategy,8
strength,8
strictly,8
striking,8
strongly,8
struggle,8
suburban,8
suddenly,8
suitable,8
sunlight,8
superior,8
supplier,8
supposed,8
surprise,8
surround,8
survival,8
survivor,8
swimming,8
symbolic,8
sympathy,8
syndrome,8
talented,8
taxpayer,8
teaching,8
teammate,8
teaspoon,8
teenager,8
tendency,8
terrible,8
terribly,8
terrific,8
textbook,8
theology,8
thinking,8
thousand,8
threaten,8
together,8
tolerate,8
tomorrow,8
training,8
transfer,8
transmit,8
traveler,8
treasure,8
tropical,8
troubled,8
ultimate,8
universe,8
unlikely,8
upstairs,8
vacation,8
validity,8
valuable,8
variable,8
vertical,8
violence,8
weakness,8
whatever,8
whenever,8
wherever,8
wildlife,8
withdraw,8
workshop,8
yourself,8
accompany,9
according,9
admission,9
advantage,9
adventure,9
aesthetic,9
afternoon,9
afterward,9
agreement,9
allegedly,9
alongside,9
ambitious,9
amendment,9
anonymous,9
apartment,9
apologize,9
architect,9
assistant,9
associate,9
attention,9
attribute,9
authority,9
authorize,9
automatic,9
available,9
awareness,9
basically,9
beautiful,9
beginning,9
biography,9
boyfriend,9
breakfast,9
breathing,9
brilliant,9
broadcast,9
butterfly,9
calculate,9
candidate,9
carefully,9
celebrate,9
celebrity,9
certainly,9
challenge,9
character,9
chemistry,9
childhood,9
chocolate,9
Christian,9
Christmas,9
cigarette,9
classical,9
classroom,9
coalition,9
cognitive,9
colleague,9
collector,9
columnist,9
commander,9
committee,9
commodity,9
community,9
companion,9
complaint,9
component,9
concerned,9
condition,9
confident,9
confusion,9
conscious,9
consensus,9
construct,9
container,9
continent,9
continued,9
convinced,9
cooperate,9
corporate,9
correctly,9
counselor,9
courtroom,9
criticism,9
criticize,9
curiosity,9
currently,9
dangerous,9
defendant,9
defensive,9
democracy,9
departure,9
dependent,9
depending,9
depressed,9
desperate,9
detective,9
determine,9
developer,9
diagnosis,9
different,9
difficult,9
dimension,9
direction,9
disappear,9
discourse,9
discovery,9
diversity,9
economics,9
economist,9
ecosystem,9
education,9
effective,9
efficient,9
elaborate,9
eliminate,9
elsewhere,9
emergency,9
emotional,9
emphasize,9
encounter,9
encourage,9
equipment,9
essential,9
establish,9
estimated,9
everybody,9
evolution,9
excellent,9
exception,9
excessive,9
exclusive,9
execution,9
executive,9
existence,9
expansion,9
expensive,9
expertise,9
explosion,9
extension,9
extensive,9
extremely,9
fantastic,9
favorable,9
financial,9
fisherman,9
following,9
foreigner,9
formation,9
framework,9
franchise,9
frequency,9
frustrate,9
full-time,9
furniture,9
gathering,9
generally,9
gentleman,9
gradually,9
guarantee,9
guideline,9
happiness,9
highlight,9
high-tech,9
historian,9
hopefully,9
household,9
hurricane,9
identical,9
immediate,9
immigrant,9
implement,9
important,9
incentive,9
including,9
increased,9
indicator,9
infection,9
inflation,9
influence,9
initially,9
inspector,9
instantly,9
insurance,9
integrate,9
integrity,9
intensity,9
intention,9
interfere,9
interpret,9
interrupt,9
interview,9
introduce,9
invention,9
inventory,9
invisible,9
isolation,9
knowledge,9
landscape,9
liability,9
lifestyle,9
lightning,9
literally,9
long-term,9
magnitude,9
marketing,9
meanwhile,9
mechanism,9
migration,9
mortality,9
municipal,9
narrative,9
naturally,9
necessary,9
necessity,9
negotiate,9
newspaper,9
nightmare,9
nonprofit,9
northeast,9
northwest,9
objection,9
objective,9
obviously,9
offensive,9
one-third,9
operating,9
operation,9
organized,9
otherwise,9
ourselves,9
overnight,9
overwhelm,9
ownership,9
partially,9
passenger,9
perceived,9
perfectly,9
performer,9
permanent,9
personnel,9
physician,9
placement,9
policeman,9
political,9
pollution,9
portfolio,9
potential,9
practical,9
precisely,9
pregnancy,9
president,9
primarily,9
principal,9
principle,9
privately,9
privilege,9
procedure,9
processor,9
professor,9
prominent,9
promising,9
promotion,9
provision,9
publicity,9
publisher,9
radiation,9
realistic,9
reception,9
recession,9
recipient,9
recognize,9
recommend,9
recording,9
reduction,9
reference,9
regarding,9
regularly,9
regulator,9
reinforce,9
religious,9
reluctant,9
remaining,9
reporting,9
represent,9
residence,9
routinely,9
sacrifice,9
satellite,9
scientist,9
screening,9
sculpture,9
secondary,9
secretary,9
seemingly,9
selection,9
sensation,9
sensitive,9
sentiment,9
seriously,9
sexuality,9
signature,9
similarly,9
situation,9
so-called,9
something,9
sometimes,9
somewhere,9
southeast,9
southwest,9
specialty,9
speculate,9
spiritual,9
spokesman,9
stability,9
statement,9
stimulate,9
strategic,9
structure,9
substance,9
suffering,9
supporter,9
surprised,9
suspicion,9
technical,9
technique,9
telephone,9
telescope,9
temporary,9
territory,9
terrorism,9
terrorist,9
testimony,9
therapist,9
therefore,9
threshold,9
tolerance,9
touchdown,9
tradition,9
transform,9
translate,9
transport,9
treatment,9
twentieth,9
typically,9
uncertain,9
undermine,9
undertake,9
universal,9
variation,9
vegetable,9
violation,9
virtually,9
voluntary,9
volunteer,9
warehouse,9
wonderful,9
workplace,9
worldwide,9
yesterday,9
youngster,9
absolutely,10
accelerate,10
acceptable,10
acceptance,10
accessible,10
accomplish,10
accounting,10
accurately,10
accusation,10
additional,10
adjustment,10
administer,10
adolescent,10
aggression,10
aggressive,10
allegation,10
altogether,10
ambassador,10
anticipate,10
apparently,10
appearance,10
appreciate,10
articulate,10
artificial,10
assessment,10
assignment,10
assistance,10
associated,10
assumption,10
astronomer,10
atmosphere,10
attendance,10
attraction,10
attractive,10
automobile,10
background,10
bankruptcy,10
basketball,10
behavioral,10
biological,10
capability,10
collection,10
collective,10
commercial,10
commission,10
commitment,10
comparable,10
comparison,10
compelling,10
competitor,10
completely,10
complexity,10
compliance,10
compromise,10
conception,10
concerning,10
conclusion,10
conference,10
confession,10
confidence,10
connection,10
conscience,10
consistent,10
conspiracy,10
constantly,10
constitute,10
constraint,10
consultant,10
continuing,10
continuous,10
contractor,10
contribute,10
convention,10
conversion,10
conviction,10
coordinate,10
corruption,10
counseling,10
creativity,10
curriculum,10
definitely,10
definition,10
democratic,10
department,10
depression,10
developing,10
difference,10
difficulty,10
diplomatic,10
disability,10
discipline,10
discourage,10
discussion,10
distribute,10
disturbing,10
earthquake,10
ecological,10
efficiency,10
electrical,10
electronic,10
elementary,10
employment,10
engagement,10
enterprise,10
enthusiasm,10
equivalent,10
especially,10
evaluation,10
eventually,10
everything,10
everywhere,10
excitement,10
exhibition,10
expedition,10
experience,10
experiment,10
expression,10
facilitate,10
foundation,10
frequently,10
friendship,10
functional,10
generation,10
girlfriend,10
government,10
graduation,10
grandchild,10
harassment,10
helicopter,10
historical,10
hypothesis,10
illustrate,10
importance,10
impossible,10
impression,10
impressive,10
increasing,10
incredible,10
incredibly,10
indication,10
indigenous,10
individual,10
industrial,10
inevitable,10
inevitably,10
ingredient,10
initiative,10
innovation,10
innovative,10
inspection,10
instructor,10
instrument,10
integrated,10
interested,10
investment,10
invitation,10
ironically,10
journalism,10
journalist,10
laboratory,10
leadership,10
legislator,10
legitimate,10
likelihood,10
limitation,10
literature,10
mainstream,10
management,10
manipulate,10
meaningful,10
mechanical,10
medication,10
membership,10
missionary,10
motivation,10
mysterious,10
nationwide,10
nomination,10
obligation,10
occasional,10
occupation,10
officially,10
opposition,10
optimistic,10
originally,10
particular,10
percentage,10
perception,10
permission,10
personally,10
phenomenon,10
philosophy,10
photograph,10
physically,10
politician,10
popularity,10
population,10
possession,10
prediction,10
preference,10
presidency,10
presumably,10
prevention,10
previously,10
processing,10
production,10
productive,10
profession,10
projection,10
proportion,10
prosecutor,10
protection,10
protective,10
psychology,10
punishment,10
reasonable,10
reflection,10
regardless,10
regulation,10
regulatory,10
relatively,10
remarkable,10
repeatedly,10
reportedly,10
Republican,10
reputation,10
researcher,10
resistance,10
resolution,10
respondent,10
restaurant,10
retirement,10
revelation,10
revolution,10
ridiculous,10
scientific,10
separation,10
settlement,10
short-term,10
similarity,10
specialist,10
specialize,10
statistics,10
straighten,10
strengthen,10
structural,10
subsequent,10
successful,10
sufficient,10
suggestion,10
supervisor,10
supportive,10
supposedly,10
surprising,10
suspicious,10
tablespoon,10
technician,10
technology,10
television,10
themselves,10
thoroughly,10
throughout,10
tournament,10
transition,10
tremendous,10
two-thirds,10
ultimately,10
underlying,10
understand,10
unexpected,10
university,10
vulnerable,10
well-being,10
well-known,10
wheelchair,10
widespread,10
wilderness,10
withdrawal,10
accommodate,11
achievement,11
acknowledge,11
acquisition,11
advertising,11
agriculture,11
alternative,11
anniversary,11
application,11
appointment,11
appropriate,11
arrangement,11
association,11
businessman,11
calculation,11
celebration,11
cholesterol,11
citizenship,11
combination,11
comfortable,11
communicate,11
competition,11
competitive,11
complicated,11
composition,11
concentrate,11
consecutive,11
consequence,11
consumption,11
contemplate,11
contributor,11
controversy,11
convenience,11
cooperation,11
cooperative,11
coordinator,11
corporation,11
correlation,11
counterpart,11
credibility,11
demographic,11
demonstrate,11
description,11
desperately,11
destination,11
destruction,11
devastating,11
development,11
differently,11
distinction,11
distinctive,11
distinguish,11
documentary,11
educational,11
effectively,11
electricity,11
electronics,11
embarrassed,11
emotionally,11
encouraging,11
enforcement,11
engineering,11
environment,11
essentially,11
examination,11
exclusively,11
expectation,11
experienced,11
explanation,11
exploration,11
fascinating,11
flexibility,11
fortunately,11
frustration,11
fundamental,11
furthermore,11
grandfather,11
grandmother,11
grandparent,11
health-care,11
ideological,11
imagination,11
immediately,11
immigration,11
implication,11
importantly,11
improvement,11
incorporate,11
independent,11
influential,11
information,11
inspiration,11
institution,11
instruction,11
integration,11
intelligent,11
interaction,11
interesting,11
investigate,11
involvement,11
legislation,11
legislative,11
legislature,11
maintenance,11
marketplace,11
mathematics,11
measurement,11
necessarily,11
negotiation,11
neighboring,11
nonetheless,11
observation,11
opportunity,11
orientation,11
outstanding,11
Palestinian,11
participant,11
participate,11
partnership,11
performance,11
personality,11
perspective,11
photography,11
politically,11
possibility,11
potentially,11
practically,11
preliminary,11
preparation,11
programming,11
progressive,11
prosecution,11
publication,11
quarterback,11
recognition,11
reliability,11
replacement,11
requirement,11
reservation,11
residential,11
responsible,11
restriction,11
scholarship,11
self-esteem,11
sensitivity,11
shareholder,11
significant,11
sovereignty,11
spectacular,11
speculation,11
statistical,11
substantial,11
supermarket,11
surrounding,11
sustainable,11
temperature,11
theological,11
theoretical,11
traditional,11
transaction,11
translation,11
uncertainty,11
willingness,11
agricultural,12
announcement,12
appreciation,12
architecture,12
availability,12
carbohydrate,12
championship,12
characterize,12
Christianity,12
circumstance,12
civilization,12
commissioner,12
compensation,12
consequently,12
conservation,12
conservative,12
considerable,12
considerably,12
consistently,12
constitution,12
construction,12
contemporary,12
contribution,12
conventional,12
conversation,12
deliberately,12
disappointed,12
distribution,12
dramatically,12
economically,12
entrepreneur,12
experimental,12
headquarters,12
historically,12
increasingly,12
independence,12
installation,12
intellectual,12
intelligence,12
intervention,12
introduction,12
investigator,12
jurisdiction,12
manufacturer,12
metropolitan,12
neighborhood,12
nevertheless,12
occasionally,12
organization,12
overwhelming,12
particularly,12
photographer,12
practitioner,12
prescription,12
presentation,12
presidential,12
productivity,12
professional,12
psychologist,12
refrigerator,12
relationship,12
respectively,12
satisfaction,12
significance,12
specifically,12
successfully,12
surprisingly,12
surveillance,12
Thanksgiving,12
transmission,12
unemployment,12
administrator,13
approximately,13
automatically,13
collaboration,13
communication,13
comprehensive,13
concentration,13
confrontation,13
congressional,13
consciousness,13
consideration,13
controversial,13
correspondent,13
demonstration,13
determination,13
developmental,13
effectiveness,13
entertainment,13
environmental,13
establishment,13
extraordinary,13
institutional,13
instructional,13
international,13
investigation,13
manufacturing,13
old-fashioned,13
participation,13
philosophical,13
psychological,13
questionnaire,13
revolutionary,13
significantly,13
sophisticated,13
substantially,13
technological,13
traditionally,13
uncomfortable,13
undergraduate,13
understanding,13
unfortunately,13
unprecedented,13
accomplishment,14
accountability,14
administration,14
administrative,14
characteristic,14
constitutional,14
disappointment,14
discrimination,14
identification,14
implementation,14
infrastructure,14
interpretation,14
organizational,14
recommendation,14
rehabilitation,14
representation,14
representative,14
responsibility,14
simultaneously,14
transformation,14
transportation,14
